Test Case,R2 Parameter,R2 Test Output,R5 Parameter,R5 Test Output
1,42.66,31.432467291003423,106.65,78.58116822750856
2,38.83,34.583232931581165,97.08,86.45808232895291
3,34.58,38.8329756778952,86.46,97.082439194738
4,31.43,42.661458015403085,78.58,106.65364503850769
5,25.92,16.970562748477143,64.81,42.42640687119285
6,22.98,19.595917942265423,57.45,48.98979485566356
